{
    "mse": 0.6480280553080486,
    "mae": 0.6598184353897109,
    "r2_score": 0.00838218049366879
}